管轄市町村名,避難先名称,避難種別,指定区分,指定場所,災害区分,土砂災害・浸水・津波浸水予測地域,風水害,津波,耐震性,備蓄の有無,備蓄品目,標高（m）,経度,緯度,発電機の有無,発動発電機（可搬型）,自家発電機,施設面積〈屋内〉（㎡）,施設面積〈屋外〉（㎡）,収容人数(避難所),収容人数(避難場所）,所在地,備考1
串本町,上野山にしき園,福祉避難所,指定福祉避難所,,,,,,,,,62,135.83864,33.515235,,,,,,10,,串本町津荷29-2,
串本町,上野山にしき園,避難所を兼ねる避難場所,,,津波　,,,☆☆☆,耐震　,,,62,135.838792,33.515129,,,,,,10,50,串本町津荷29-2,
串本町,奥の谷,避難場所,,津波避難目標地点,津波　,土砂災害予測地域　,,☆☆☆,,,,20,135.776926,33.476945,,,,,,,30,串本町串本,
串本町,海蔵寺,避難所を兼ねる避難場所,,,地震　津波　,土砂災害予測地域　,,☆☆☆,,○,アルファ米、毛布,10,135.806401,33.505721,,,,89,,30,30,串本町伊串144,
串本町,海蔵寺,避難所を兼ねる避難場所,,津波避難目標地点,洪水　地震　津波　,,☆,☆☆☆,,,,13,135.704296,33.492735,,,,51,,17,17,串本町江田528,
串本町,串本町学校給食センター,避難所を兼ねる避難場所,,,地震　津波　,,,☆☆☆,耐震　,,,17,135.776145,33.471229,,,,,,320,,串本町串本713,
串本町,串本町リサイクルセンター,避難場所,,,津波　,,,☆☆☆,,,,70,135.724569,33.486756,,,,,,,,串本町田並2288-1,
串本町,佐居裏山,避難場所,,,津波　,,,☆☆☆,,,,9,135.721286,33.489642,,,,,,,,串本町田並,
串本町,潮岬あゆみ園,福祉避難所,指定福祉避難所,,,,,,,,,70,135.778489,33.454934,,,,,,10,,串本町潮岬659,
串本町,潮岬あゆみ園,避難所を兼ねる避難場所,,,津波　,,,☆☆☆,耐震　,,,70,135.778719,33.454733,,,,,,,50,串本町潮岬659,
串本町,通園らっこ,福祉避難所,指定福祉避難所,,洪水　,,,,耐震　,,,70,135.833665,33.519652,,,,,,10,,串本町津荷250-1,
串本町,津波避難タワー（田並）,避難場所,,,津波　,,,☆,耐震　,,,9,135.717428,33.48545,,,,,,,12,串本町田並1073-3,
串本町,天理の丘南,避難場所,,,津波　,,,☆☆☆,,,,9,135.738344,33.486574,,,,,,,,串本町有田,
串本町,中谷倉庫,避難場所,,,洪水　津波　,,☆☆☆,☆☆☆,,,,10,135.807963,33.531174,,,,,,,10,串本町古田,
串本町,中の平見中腹,避難場所,,,津波　,,,☆☆☆,,,,27,135.684236,33.492023,,,,,,,,串本町田子,
串本町,にしき園,福祉避難所,指定福祉避難所,,,土砂災害予測地域　津波浸水予測地域,,,耐震　,,,9,135.768953,33.489073,,,,,,25,,串本町二色160,
串本町,ほっとハウスうわの園,福祉避難所,指定福祉避難所,,,,,,,,,70,135.778489,33.454934,,,,,,10,,串本町潮岬659,
串本町,港谷,避難場所,,,津波　,,,☆☆☆,,,,12,135.737588,33.488412,,,,,,,,串本町有田,
串本町,カジヤ裏,避難場所,,津波避難目標地点,津波　,,,☆☆☆,,,,20,135.761081,33.484935,,,,,,,20,串本町高富,
串本町,稲荷山５,避難場所,,,津波　,,,☆☆☆,,,,13,135.839072,33.518617,,,,,,,,串本町津荷,
串本町,稲荷山４,避難場所,,,津波　,,,☆☆☆,,,,16,135.839579,33.518387,,,,,,,,串本町津荷,
串本町,ＪＲ保線管理ビル,避難場所,,,津波　,,,☆,,,,7,135.821213,33.518009,,,,,,,,串本町西向,
串本町,経塚,避難場所,,,津波　,,,☆☆☆,,,,17,135.817634,33.512604,,,,,,,,串本町神野川,
串本町,阿部付近,避難場所,,,津波　,,,☆☆☆,,,,21,135.779027,33.481445,,,,,,,,串本町鬮野川,
串本町,鈴木宅付近,避難場所,,,津波　,,,☆☆☆,,,,46,135.851548,33.465683,,,,,,,,串本町樫野,
串本町,福島宅付近,避難場所,,,津波　,,,☆☆☆,,,,46,135.85077,33.466374,,,,,,,,串本町樫野,
串本町,バス停港口,避難場所,,,津波　,,,☆☆☆,,,,23,135.852421,33.468318,,,,,,,,串本町樫野,
串本町,和助の山B,避難場所,,,津波　,,,☆☆☆,,,,20,135.739946,33.486808,,,,,,,,串本町有田,
串本町,井城跡地,避難場所,,,津波　,,,☆☆☆,,,,13,135.79261,33.449902,,,,,,,,串本町出雲,
串本町,尾の浦付近,避難場所,,,津波　,,,☆☆☆,,,,19,135.786372,33.450021,,,,,,,,串本町出雲,
串本町,くしもと町立病院,避難場所,,,津波　,,,☆☆☆,,,,53,135.784483,33.484762,,,,,,,,串本町サンゴ台691-7,
串本町,錦江山北,避難場所,,,津波　,,,☆☆☆,,,,20,135.772983,33.475174,,,,,,,,串本町串本,
串本町,バス停裏,避難場所,,,津波　,,,☆☆☆,,,,18,135.775015,33.474824,,,,,,,,串本町串本,
串本町,広原宅裏,避難場所,,,津波　,,,☆☆☆,,,,21,135.775237,33.475142,,,,,,,,串本町串本,
串本町,大江戸温泉物語（４階以上）,避難場所,,,津波　,,,☆,,,,12,135.788485,33.479603,,,,,,,,串本町串本2300-1,
串本町,ホテルシーカンス,避難場所,,,津波　,,,☆,,,,15,135.781603,33.469268,,,,,,,,串本町串本1735-33,
串本町,稲垣裏山,避難場所,,,津波　,,,☆☆☆,,,,30,135.762974,33.490828,,,,,,,,串本町高富,
串本町,小西マンション（屋上）,避難場所,,津波避難目標地点,津波　,津波浸水予測地域,,☆,耐震　,,,,135.780891,33.470401,,,,,,,200,串本町串本1547-7,
串本町,西向中学校（３階以上）,避難場所,,,洪水　崖崩れ・土石流及び地滑り　地震　,,☆,,耐震　,,,15,135.818107,33.510269,,,,731,,,244,串本町西向922,
串本町,海林寺,避難場所,,,地震　,,,,,○,無線機,16,135.796874,33.502044,,,,80,,27,27,串本町姫160,
串本町,出雲集会所,避難場所,,,地震　,,,,耐震　,,,8,135.7915,33.448863,,,,250,,83,83,串本町出雲1027-7,
串本町,田ノ崎,避難場所,,津波避難目標地点,津波　,,,☆☆☆,,,,28,135.710037,33.483569,,,,,,,40,串本町田並,
串本町,かまとこの平見,避難場所,,津波避難目標地点,崖崩れ・土石流及び地滑り　津波　,,,☆☆☆,,,,50,135.888496,33.540329,,,,,,,15,串本町田原,
串本町,展望台,避難場所,,津波避難目標地点,崖崩れ・土石流及び地滑り　津波　,,,☆☆☆,,,,71,135.877376,33.532799,,,,,,,10,串本町田原,
串本町,むねの平見３,避難場所,,津波避難目標地点,津波　,,,☆☆☆,,,,50,135.874266,33.535582,,,,,,,20,串本町田原,
串本町,むねの平見２,避難場所,,津波避難目標地点,津波　,,,☆☆☆,,,,50,135.873192,33.536142,,,,,,,10,串本町田原,
串本町,むねの平見１,避難場所,,津波避難目標地点,津波　,,,☆☆☆,,,,50,135.873224,33.536985,,,,,,,10,串本町田原,
串本町,坊の山,避難場所,,津波避難目標地点,津波　,,,☆☆☆,,,,53,135.868562,33.540137,,,,,,,30,串本町田原,
串本町,たん谷,避難場所,,津波避難目標地点,津波　,,,☆☆☆,,,,54,135.866794,33.53752,,,,,,,20,串本町田原,
串本町,せーべの平見,避難場所,,津波避難目標地点,津波　,,,☆☆☆,,,,55,135.867113,33.534948,,,,,,,30,串本町田原,
串本町,五平山,避難場所,,津波避難目標地点,津波　,,,☆☆☆,,,,48,135.868312,33.533641,,,,,,,35,串本町田原,
串本町,えびす,避難場所,,津波避難目標地点,津波　,,,☆☆☆,,,,20,135.869671,33.532824,,,,,,,30,串本町田原,
串本町,黒潮台,避難場所,,津波避難目標地点,津波　,,,☆☆☆,,,,24,135.865737,33.530914,,,,,,,15,串本町田原,
串本町,田原小学校（２階以上）,避難場所,,津波避難目標地点,津波　,土砂災害予測地域　津波浸水予測地域,☆,☆,耐震　,○,アルファ米,8,135.868515,33.539116,,,,726,,,242,串本町田原725,
串本町,津波避難タワー（田原）,避難場所,,津波避難目標地点,津波　,津波浸水予測地域,,☆,耐震　,○,簡易トイレ、アルファ米、保存水、毛布、ブルーシート,3.9,135.870269,33.534991,,,,,35,,12,串本町田原428,
串本町,宮様の山,避難場所,,津波避難目標地点,津波　,土砂災害予測地域　,,☆☆☆,,,,20,135.842169,33.519442,,,,,,,20,串本町津荷,
串本町,小畑裏,避難場所,,津波避難目標地点,津波　,土砂災害予測地域　,,☆☆☆,,,,17,135.840387,33.517279,,,,,,,15,串本町津荷,
串本町,佐藤宅付近,避難場所,,津波避難目標地点,崖崩れ・土石流及び地滑り　津波　,,,☆☆☆,,,,26,135.84006,33.515035,,,,,,,10,串本町津荷,
串本町,上野山こども園,避難場所,,津波避難目標地点,崖崩れ・土石流及び地滑り　津波　,,,☆☆☆,耐震　,,,60,135.836762,33.51549,,,,,,,50,串本町津荷29-2,
串本町,稲荷山３,避難場所,,津波避難目標地点,津波　,土砂災害予測地域　,,☆☆☆,,,,20,135.83968,33.519281,,,,,,,10,串本町津荷,
串本町,稲荷山２,避難場所,,津波避難目標地点,津波　,土砂災害予測地域　,,☆☆☆,,,,20,135.839855,33.519005,,,,,,,10,串本町津荷,
串本町,稲荷山１,避難場所,,津波避難目標地点,津波　,,,☆☆☆,,,,20,135.839946,33.518658,,,,,,,10,串本町津荷,
串本町,志うけの谷,避難場所,,津波避難目標地点,津波　,土砂災害予測地域　,,☆☆☆,,,,16,135.839457,33.517062,,,,,,,10,串本町津荷,
串本町,永明寺裏,避難場所,,津波避難目標地点,津波　,土砂災害予測地域　,,☆☆☆,,,,19,135.838581,33.520285,,,,,,,10,串本町津荷,
串本町,上地,避難場所,,津波避難目標地点,津波　,土砂災害予測地域　,,☆☆☆,,,,15,135.83686,33.523766,,,,,,,20,串本町津荷,
串本町,上野山北,避難場所,,津波避難目標地点,津波　,土砂災害予測地域　,,☆☆☆,,,,26,135.836458,33.520203,,,,,,,10,串本町津荷,
串本町,上野山防災広場,避難場所,,津波避難目標地点,崖崩れ・土石流及び地滑り　津波　,,,☆☆☆,,,,76,135.831933,33.519069,,,,,,,300,串本町上野山,
串本町,旧上野山保育所,避難場所,,津波避難目標地点,崖崩れ・土石流及び地滑り　地震　津波　,,☆☆☆,☆☆☆,耐震　,,,62,135.83107,33.516747,,,,191,,,64,串本町上野山143,
串本町,造船所裏,避難場所,,津波避難目標地点,津波　,土砂災害予測地域　,,☆☆☆,,,,15,135.83537,33.514347,,,,,,,20,串本町古座,
串本町,旧古座川病院裏山,避難場所,,津波避難目標地点,津波　,土砂災害予測地域　,,☆☆☆,,,,25,135.831842,33.515503,,,,,,,25,串本町古座,
串本町,中ノ谷,避難場所,,津波避難目標地点,津波　,土砂災害予測地域　,,☆☆☆,,,,25,135.830315,33.515136,,,,,,,20,串本町古座,
串本町,青原寺,避難場所,,津波避難目標地点,津波　,土砂災害予測地域　,,☆☆☆,,,,29,135.828939,33.516373,,,,,,,25,串本町古座,
串本町,阿弥陀寺,避難場所,,津波避難目標地点,津波　,土砂災害予測地域　,,☆☆☆,,,,25,135.828191,33.517641,,,,89,,,30,串本町古座,
串本町,右東谷津荷線登り口,避難場所,,津波避難目標地点,津波　,,,☆☆☆,,,,14,135.828255,33.51913,,,,,,,10,串本町中湊,
串本町,正法寺,避難場所,,津波避難目標地点,津波　,土砂災害予測地域　,,☆☆☆,,,,9,135.825653,33.52395,,,,53,,,18,串本町中湊,
串本町,栗原（河内様裏山）,避難場所,,津波避難目標地点,津波　,土砂災害予測地域　,,☆☆☆,,,,22,135.808783,33.534956,,,,,,,10,串本町古田,
串本町,地主神社,避難場所,,津波避難目標地点,崖崩れ・土石流及び地滑り　津波　,,,☆☆☆,,,,8,135.809703,33.532697,,,,,,,13,串本町古田,
串本町,市谷広場,避難場所,,津波避難目標地点,津波　,土砂災害予測地域　,,☆☆☆,,,,12,135.808686,33.531155,,,,,,,15,串本町古田,
串本町,古田第２浄水場付近,避難場所,,津波避難目標地点,津波　,土砂災害予測地域　,,☆☆☆,,,,19,135.808917,33.530296,,,,,,,15,串本町古田322,
串本町,山口谷,避難場所,,津波避難目標地点,津波　,土砂災害予測地域　,,☆☆☆,,,,20,135.813292,33.527771,,,,,,,20,串本町古田,
串本町,岩渕谷,避難場所,,津波避難目標地点,津波　,土砂災害予測地域　,,☆☆☆,,,,20,135.814204,33.52664,,,,,,,20,串本町古田,
串本町,大神神社入口,避難場所,,津波避難目標地点,津波　,,,☆☆☆,,,,16,135.818271,33.522812,,,,,,,20,串本町西向,
串本町,カジヤ谷,避難場所,,津波避難目標地点,津波　,,,☆☆☆,,,,16,135.818612,33.522114,,,,,,,25,串本町西向,
串本町,青年クラブ裏山,避難場所,,津波避難目標地点,津波　,,,☆☆☆,,,,20,135.819246,33.520753,,,,,,,20,串本町西向,
串本町,新宮保健所串本支所（2階以上）,避難場所,,風水害（２階以上）,洪水　崖崩れ・土石流及び地滑り　,津波浸水予測地域,☆☆☆,,耐震　,,,8,135.820885,33.520644,,,,,,,30,串本町西向,
串本町,護国神社跡,避難場所,,津波避難目標地点,洪水　津波　,,,☆☆☆,,,,21,135.819554,33.519047,,,,,,,30,串本町西向,
串本町,串本町役場古座分庁舎（３階以上）,避難場所,,津波避難目標地点,洪水　崖崩れ・土石流及び地滑り　,浸水予測地域　津波浸水予測地域,☆☆☆,,耐震　,○,アルファ米、毛布、衛星携帯電話、無線機,12,135.822887,33.518133,,,,1053,,,351,串本町西向359,
串本町,津波避難タワー（西向）,避難場所,,津波避難目標地点,崖崩れ・土石流及び地滑り　津波　,土砂災害予測地域　津波浸水予測地域,,☆☆,耐震　,○,簡易トイレ、毛布、ブルーシート,12,135.823326,33.516241,,,,,50,,17,串本町西向536,
串本町,火伏の森周辺,避難場所,,津波避難目標地点,崖崩れ・土石流及び地滑り　津波　,,,☆☆☆,,,,10,135.821638,33.516569,,,,,,,10,串本町西向,
串本町,岡田山,避難場所,,津波避難目標地点,津波　,土砂災害予測地域　,,☆☆☆,,,,19,135.819676,33.515576,,,,,,,25,串本町西向,
串本町,地主神社裏山,避難場所,,津波避難目標地点,崖崩れ・土石流及び地滑り　津波　,,,☆☆☆,,,,19,135.818196,33.51494,,,,,,,20,串本町神野川,
串本町,浅利裏山,避難場所,,津波避難目標地点,津波　,土砂災害予測地域　,,☆☆☆,,,,20,135.816192,33.513786,,,,,,,15,串本町神野川,
串本町,坂畑の山,避難場所,,津波避難目標地点,津波　,土砂災害予測地域　,,☆☆☆,,,,20,135.807599,33.519693,,,,,,,15,串本町神野川,
串本町,西向小学校裏山,避難場所,,津波避難目標地点,津波　,土砂災害予測地域　,,☆☆☆,,,,21,135.820158,33.515219,,,,,,,,串本町西向638,
串本町,目津の谷,避難場所,,津波避難目標地点,津波　,土砂災害予測地域　,,☆☆☆,,,,12,135.814598,33.510811,,,,,,,20,串本町西向,
串本町,目津平見,避難場所,,津波避難目標地点,津波　,土砂災害予測地域　,,☆☆☆,,,,24,135.81559,33.50768,,,,,,,20,串本町西向,
串本町,目津墓地,避難場所,,津波避難目標地点,津波　,土砂災害予測地域　,,☆☆☆,,,,16,135.814592,33.50738,,,,,,,30,串本町西向,
串本町,大浦墓地,避難場所,,津波避難目標地点,津波　,土砂災害予測地域　,,☆☆☆,,,,16,135.812187,33.504646,,,,,,,25,串本町西向,
串本町,大浦町営住宅裏山,避難場所,,津波避難目標地点,津波　,,,☆☆☆,,,,27,135.811195,33.503738,,,,,,,30,串本町西向,
串本町,五輪山,避難場所,,津波避難目標地点,津波　,土砂災害予測地域　,,☆☆☆,,,,19,135.808804,33.504364,,,,,,,25,串本町伊串,
串本町,山ノ神,避難場所,,津波避難目標地点,崖崩れ・土石流及び地滑り　津波　,,,☆☆☆,,,,19,135.803803,33.506113,,,,,,,20,串本町伊串,
串本町,地蔵様上,避難場所,,津波避難目標地点,崖崩れ・土石流及び地滑り　津波　,,,☆☆☆,,,,19,135.80403,33.507957,,,,,,,15,串本町伊串,
串本町,ドウ谷,避難場所,,津波避難目標地点,津波　,土砂災害予測地域　,,☆☆☆,,,,14,135.80263,33.506985,,,,,,,30,串本町伊串,
串本町,セドノ山,避難場所,,津波避難目標地点,崖崩れ・土石流及び地滑り　津波　,,,☆☆☆,,,,16,135.802749,33.503919,,,,,,,30,串本町伊串,
串本町,尾崎みかん園,避難場所,,津波避難目標地点,崖崩れ・土石流及び地滑り　津波　,,,☆☆☆,,,,20,135.802503,33.504078,,,,,,,25,串本町伊串,
串本町,山見登り口,避難場所,,津波避難目標地点,崖崩れ・土石流及び地滑り　津波　,,,☆☆☆,,,,12,135.803318,33.50261,,,,,,,25,串本町伊串,
串本町,崩れ,避難場所,,津波避難目標地点,崖崩れ・土石流及び地滑り　津波　,,,☆☆☆,,,,25,135.80226,33.501289,,,,,,,35,串本町姫,
串本町,旧養春小学校裏山,避難場所,,津波避難目標地点,津波　,,,☆☆☆,,,,23,135.800662,33.501105,,,,,,,30,串本町姫,
串本町,中山蜜柑畑,避難場所,,津波避難目標地点,津波　,土砂災害予測地域　,,☆☆☆,,,,13,135.800044,33.501557,,,,,,,20,串本町姫,
串本町,いちすけ裏山,避難場所,,津波避難目標地点,津波　,土砂災害予測地域　,,☆☆☆,,,,17,135.798425,33.501879,,,,,,,30,串本町姫,
串本町,稲荷山,避難場所,,津波避難目標地点,津波　,土砂災害予測地域　,,☆☆☆,,,,20,135.797879,33.501843,,,,,,,35,串本町姫,
串本町,海林寺裏山,避難場所,,津波避難目標地点,津波　,土砂災害予測地域　,,☆☆☆,,○,無線機,16,135.796874,33.502044,,,,,,,40,串本町姫,
串本町,池田山,避難場所,,津波避難目標地点,津波　,土砂災害予測地域　,,☆☆☆,,,,24,135.79554,33.501615,,,,,,,25,串本町姫,
串本町,かじや山,避難場所,,津波避難目標地点,津波　,土砂災害予測地域　,,☆☆☆,,,,23,135.796239,33.499995,,,,,,,30,串本町姫,
串本町,井上山,避難場所,,津波避難目標地点,津波　,土砂災害予測地域　,,☆☆☆,,,,16,135.794919,33.49868,,,,,,,15,串本町姫,
串本町,しりでの坂,避難場所,,津波避難目標地点,崖崩れ・土石流及び地滑り　津波　,,,☆☆☆,,,,24,135.795458,33.494844,,,,,,,10,串本町姫,
串本町,JRトンネル上,避難場所,,津波避難目標地点,津波　,,,☆☆☆,,,,24,135.794153,33.489328,,,,,,,25,串本町鬮野川,
串本町,坂地うどん店駐車場付近,避難場所,,津波避難目標地点,崖崩れ・土石流及び地滑り　津波　,,,☆☆☆,,,,13,135.792655,33.489158,,,,,,,25,串本町鬮野川,
串本町,六勝寺跡,避難場所,,津波避難目標地点,津波　,,,☆☆☆,,,,19,135.792928,33.488549,,,,,,,40,串本町鬮野川,
串本町,橋杭集会所上,避難場所,,津波避難目標地点,津波　,,,☆☆☆,,○,,16,135.791744,33.487602,,,,,,,50,串本町鬮野川,
串本町,西地坂道,避難場所,,津波避難目標地点,津波　,,,☆☆☆,,○,間仕切り,30,135.790782,33.486664,,,,,,,35,串本町鬮野川,
串本町,西地墓地上,避難場所,,津波避難目標地点,津波　,,,☆☆☆,,,,20,135.789401,33.484988,,,,,,,30,串本町鬮野川,
串本町,大乗郷,避難場所,,津波避難目標地点,津波　,,,☆☆☆,,,,9,135.776967,33.483077,,,,,,,20,串本町鬮野川,
串本町,釣り公園裏山,避難場所,,津波避難目標地点,崖崩れ・土石流及び地滑り　津波　,,,☆☆☆,,,,30,135.849701,33.470748,,,,,,,15,串本町樫野,
串本町,須江崎の坂,避難場所,,津波避難目標地点,津波　,土砂災害予測地域　,,☆☆☆,,,,34,135.827269,33.45538,,,,,,,25,串本町須江,
串本町,須江消防屯所,避難場所,,津波避難目標地点,崖崩れ・土石流及び地滑り　津波　,,,☆☆☆,,,,27,135.82582,33.456508,,,,,,,35,串本町須江,
串本町,中尾の坂,避難場所,,津波避難目標地点,津波　,土砂災害予測地域　,,☆☆☆,,,,21,135.826925,33.457188,,,,,,,30,串本町須江,
串本町,カケノ農道,避難場所,,津波避難目標地点,崖崩れ・土石流及び地滑り　津波　,,,☆☆☆,,,,31,135.829974,33.458668,,,,,,,15,串本町須江,
串本町,旧須江小学校,避難場所,,津波避難目標地点,崖崩れ・土石流及び地滑り　津波　,,,☆☆☆,,,,53,135.827301,33.459513,,,,,,,20,串本町須江,
串本町,大島保育所裏山,避難場所,,津波避難目標地点,津波　,土砂災害予測地域　,,☆☆☆,,,,27,135.809431,33.476626,,,,,,,30,串本町大島,
串本町,温泉前,避難場所,,津波避難目標地点,津波　,土砂災害予測地域　,,☆☆☆,,,,24,135.804044,33.47172,,,,,,,40,串本町大島,
串本町,水門神社,避難場所,,津波避難目標地点,津波　,土砂災害予測地域　,,☆☆☆,,,,39,135.804724,33.471637,,,,,,,50,串本町大島73-2,
串本町,忠魂碑,避難場所,,津波避難目標地点,崖崩れ・土石流及び地滑り　津波　,,,☆☆☆,,,,20,135.802515,33.469835,,,,,,,30,串本町大島,
串本町,打越,避難場所,,津波避難目標地点,津波　,土砂災害予測地域　,,☆☆☆,,,,11,135.800743,33.469221,,,,,,,20,串本町大島,
串本町,水谷高台,避難場所,,津波避難目標地点,津波　,土砂災害予測地域　,,☆☆☆,,○,,12,135.80036,33.466949,,,,,,,15,串本町大島,
串本町,薬師堂（観福寺）,避難場所,,津波避難目標地点,津波　,,,☆☆☆,,,,18,135.793377,33.451421,,,,,,,4,串本町出雲87-2,
串本町,西の丘,避難場所,,津波避難目標地点,津波　,土砂災害予測地域　,,☆☆☆,,,,43,135.792291,33.449898,,,,,,,20,串本町出雲,
串本町,出雲集会所裏山,避難場所,,津波避難目標地点,津波　,土砂災害予測地域　,,☆☆☆,,,,42,135.791563,33.449265,,,,,,,35,串本町出雲,
串本町,牛尾野,避難場所,,津波避難目標地点,津波　,,,☆☆☆,,,,31,135.791717,33.453268,,,,,,,30,串本町出雲,
串本町,ジョロコシ,避難場所,,津波避難目標地点,津波　,,,☆☆☆,,,,36,135.791642,33.451585,,,,,,,20,串本町出雲,
串本町,墓地付近,避難場所,,津波避難目標地点,崖崩れ・土石流及び地滑り　津波　,,,☆☆☆,,,,43,135.790882,33.449891,,,,,,,30,串本町出雲,
串本町,墓地登り口,避難場所,,津波避難目標地点,津波　,土砂災害予測地域　,,☆☆☆,,,,20,135.79007,33.451338,,,,,,,30,串本町出雲,
串本町,竹林裏,避難場所,,津波避難目標地点,崖崩れ・土石流及び地滑り　津波　,,,☆☆☆,,,,10,135.789995,33.449383,,,,,,,30,串本町出雲,
串本町,イカシキ,避難場所,,津波避難目標地点,津波　,,,☆☆☆,,,,22,135.791185,33.455282,,,,,,,15,串本町出雲,
串本町,旧小学校跡付近,避難場所,,津波避難目標地点,崖崩れ・土石流及び地滑り　津波　,,,☆☆☆,,,,43,135.789585,33.453288,,,,,,,15,串本町出雲,
串本町,周遊道路,避難場所,,津波避難目標地点,崖崩れ・土石流及び地滑り　津波　,,,☆☆☆,,,,20,135.785274,33.448748,,,,,,,50,串本町出雲,
串本町,ヘイチの坂,避難場所,,津波避難目標地点,崖崩れ・土石流及び地滑り　津波　,,,☆☆☆,,,,19,135.787757,33.449965,,,,,,,40,串本町出雲,
串本町,出雲小学校,避難場所,,津波避難目標地点,崖崩れ・土石流及び地滑り　津波　,,☆☆☆,☆☆☆,耐震　,○,アルファ米,46,135.785695,33.447823,,,,,,,50,串本町出雲1617-21,
串本町,潮岬幼稚園,避難場所,,,洪水　崖崩れ・土石流及び地滑り　津波　,,☆☆☆,☆☆☆,耐震　,,,52,135.756695,33.447749,,,,,,,50,串本町潮岬3349-1,
串本町,消防防災センター（消防本部・串本消防署）,避難場所,,津波避難目標地点,崖崩れ・土石流及び地滑り　津波　,,☆,☆☆☆,耐震　,,,24,135.787076,33.482602,,,,,,,30,串本町サンゴ台1256-1,
串本町,総合運動公園,避難場所,,津波避難目標地点,崖崩れ・土石流及び地滑り　津波　,,,☆☆☆,,,,40,135.784299,33.482874,,,,,,,300,串本町サンゴ台,
串本町,イベント広場,避難場所,,津波避難目標地点,崖崩れ・土石流及び地滑り　津波　,,,☆☆☆,,,,30,135.78413,33.480293,,,,,,,200,串本町サンゴ台,
串本町,雨天練習場付近,避難場所,,津波避難目標地点,崖崩れ・土石流及び地滑り　津波　,,,☆☆☆,,,,12,135.783393,33.480096,,,,,,,200,串本町サンゴ台,
串本町,矢ノ熊谷,避難場所,,津波避難目標地点,津波　,土砂災害予測地域　,,☆☆☆,,,,20,135.779636,33.475457,,,,,,,50,串本町串本,
串本町,矢ノ熊踏切急傾斜上,避難場所,,津波避難目標地点,津波　,,,☆☆☆,,,,26,135.780031,33.474483,,,,,,,50,串本町串本,
串本町,尾の浦奥,避難場所,,津波避難目標地点,津波　,土砂災害予測地域　,,☆☆☆,,,,13,135.784152,33.46033,,,,,,,20,串本町串本,
串本町,Aコープ付近登り口,避難場所,,津波避難目標地点,津波　,土砂災害予測地域　,,☆☆☆,,,,15,135.781545,33.461874,,,,,,,50,串本町串本,
串本町,串本中学校裏山,避難場所,,緊急避難は校舎3階以上,津波　,土砂災害予測地域　,,☆☆☆,,,,13,135.780759,33.462984,,,,,,,60,串本町串本,
串本町,雇用促進住宅,避難場所,,津波避難目標地点,津波　,土砂災害予測地域　,,☆☆☆,,,,16,135.77713,33.461711,,,,,,,200,串本町串本,
串本町,ギオン山,避難場所,,津波避難目標地点,津波　,土砂災害予測地域　,,☆☆☆,,,,17,135.775413,33.468113,,,,,,,50,串本町串本,
串本町,幼稚園横高台,避難場所,,津波避難目標地点,津波　,,,☆☆☆,,,,16,135.776778,33.472879,,,,,,,70,串本町串本,
串本町,西の岡（墓地上）,避難場所,,津波避難目標地点,津波　,,,☆☆☆,,,,40,135.775276,33.473361,,,,,,,50,串本町串本,
串本町,西の岡（図書館裏山）,避難場所,,津波避難目標地点,津波　,,,☆☆☆,,,,17,135.776189,33.471281,,,,,,,100,串本町串本,
串本町,串本小学校裏山,避難場所,,津波避難目標地点,津波　,土砂災害予測地域　,,☆☆☆,,,,17,135.775888,33.471402,,,,,,,100,串本町串本,
串本町,西の岡（本町通り裏山）,避難場所,,津波避難目標地点,津波　,,,☆☆☆,,,,30,135.775559,33.470508,,,,,,,150,串本町串本,
串本町,エビス山,避難場所,,津波避難目標地点,津波　,,,☆☆☆,,,,13,135.774175,33.473017,,,,,,,20,串本町串本,
串本町,マリンセンター裏山,避難場所,,津波避難目標地点,津波　,土砂災害予測地域　,,☆☆☆,,,,19,135.773826,33.473371,,,,,,,25,串本町串本,
串本町,地蔵道,避難場所,,津波避難目標地点,津波　,,,☆☆☆,,,,32,135.773532,33.473726,,,,,,,30,串本町串本,
串本町,西の岡（袋側）,避難場所,,津波避難目標地点,津波　,,,☆☆☆,,,,48,135.774499,33.473729,,,,,,,150,串本町串本,
串本町,備蓄倉庫前（西の岡）,避難場所,,津波避難目標地点,津波　,,,☆☆☆,,,,22,135.775323,33.473232,,,,,,,200,串本町串本,
串本町,渡船前,避難場所,,津波避難目標地点,津波　,,,☆☆☆,,,,21,135.775833,33.477394,,,,,,,20,串本町串本,
串本町,くしもとこども園（つばき園舎）,避難場所,,,,土砂災害予測地域　津波浸水予測地域,☆,,耐震　,,,6,135.777649,33.47297,,,,759,,,253,串本町串本508-3,
串本町,くしもとこども園（さくら園舎）,避難場所,,,洪水　,土砂災害予測地域　津波浸水予測地域,☆☆☆,,耐震　,,,5,135.780972,33.468914,,,,1222,,,407,串本町串本502,
串本町,和歌山東漁協津波避難タワー,避難場所,,津波避難目標地点,津波　,津波浸水予測地域,,☆,耐震　,,,18,135.781631,33.466247,,,,,214,,71,串本町串本1885-1,
串本町,津波避難タワー（串本）,避難場所,,津波避難目標地点,津波　,津波浸水予測地域,,☆,耐震　,○,簡易トイレ、毛布、ブルーシート,10,135.778755,33.464219,,,,,35,,12,串本町串本1434-1,
串本町,串本警察署（屋上）,避難場所,,津波避難目標地点,津波　,津波浸水予測地域,,☆,耐震　,,,14,135.785571,33.478288,,,,,644,,215,串本町串本2114,
串本町,成和ビル（屋上）,避難場所,,津波避難目標地点,津波　,津波浸水予測地域,,☆,耐震　,○,簡易トイレ,13,135.782079,33.471759,,,,,210,,70,串本町串本2304,
串本町,紀乃国屋ビル（屋上）,避難場所,,津波避難目標地点,津波　,津波浸水予測地域,,☆,耐震　,○,簡易トイレ,12,135.781456,33.472252,,,,,209,,70,串本町串本1801,
串本町,旧NTTビル（屋上）,避難場所,,津波避難目標地点,津波　,津波浸水予測地域,,☆,耐震　,,,22,135.779333,33.468808,,,,,538,,179,串本町串本1894-1,
串本町,大乗,避難場所,,津波避難目標地点,津波　,土砂災害予測地域　,,☆☆☆,,,,31,135.774078,33.480342,,,,,,,20,串本町二色,
串本町,茶山東,避難場所,,津波避難目標地点,地震　津波　,土砂災害予測地域　,,☆☆☆,,,,25,135.77353,33.479799,,,,,,,15,串本町二色,
串本町,茶山西,避難場所,,津波避難目標地点,津波　,土砂災害予測地域　,,☆☆☆,,,,18,135.771209,33.480187,,,,,,,20,串本町二色,
串本町,キッチョモ裏山,避難場所,,津波避難目標地点,津波　,土砂災害予測地域　,,☆☆☆,,,,31,135.770583,33.482099,,,,,,,25,串本町二色,
串本町,稲荷神社裏山,避難場所,,津波避難目標地点,津波　,土砂災害予測地域　,,☆☆☆,,,,30,135.771119,33.485749,,,,,,,30,串本町二色,
串本町,法雲寺裏山,避難場所,,津波避難目標地点,津波　,土砂災害予測地域　,,☆☆☆,,,,22,135.770172,33.487142,,,,,,,10,串本町二色,
串本町,楠の下,避難場所,,津波避難目標地点,崖崩れ・土石流及び地滑り　津波　,,,☆☆☆,,,,24,135.769757,33.488279,,,,,,,20,串本町二色,
串本町,にしき園（屋上）,避難場所,,津波避難目標地点,津波　,土砂災害予測地域　,,☆☆,耐震　,,,19,135.768768,33.489004,,,,,,,80,串本町二色160,
串本町,戸先２,避難場所,,津波避難目標地点,津波　,土砂災害予測地域　,,☆☆☆,,,,30,135.768903,33.478847,,,,,,,10,串本町二色,
串本町,戸先１,避難場所,,津波避難目標地点,津波　,土砂災害予測地域　,,☆☆☆,,,,32,135.76888,33.478391,,,,,,,10,串本町二色,
串本町,伊平裏山,避難場所,,津波避難目標地点,津波　,土砂災害予測地域　,,☆☆☆,,,,40,135.769127,33.480367,,,,,,,15,串本町二色,
串本町,戸畔,避難場所,,津波避難目標地点,崖崩れ・土石流及び地滑り　津波　,,,☆☆☆,,,,42,135.76937,33.481411,,,,,,,25,串本町二色,
串本町,又射谷,避難場所,,津波避難目標地点,津波　,土砂災害予測地域　,,☆☆☆,,,,18,135.766057,33.48412,,,,,,,25,串本町二色,
串本町,旧錦富小学校裏山,避難場所,,津波避難目標地点,崖崩れ・土石流及び地滑り　津波　,,,☆☆☆,,,,30,135.765135,33.48387,,,,,,,30,串本町二色360,
串本町,旧錦富小学校（屋上）,避難場所,,津波避難目標地点,津波　,土砂災害予測地域　津波浸水予測地域,,☆☆,耐震　,,,15,135.765095,33.483488,,,,,1291,430,430,串本町二色360,
串本町,JR高富変電所前,避難場所,,津波避難目標地点,津波　,土砂災害予測地域　,,☆☆☆,,,,30,135.762126,33.491421,,,,,,,15,串本町高富,
串本町,集会所裏,避難場所,,津波避難目標地点,津波　,土砂災害予測地域　,,☆☆☆,,,,20,135.762818,33.485178,,,,,,,15,串本町高富,
串本町,個人宅裏,避難場所,,津波避難目標地点,津波　,,,☆☆☆,,,,20,135.758312,33.485783,,,,,,,,串本町高富,
串本町,釜郷原,避難場所,,津波避難目標地点,津波　,,,☆☆☆,,,,20,135.761019,33.486793,,,,,,,25,串本町高富,
串本町,ミカン畑２,避難場所,,津波避難目標地点,崖崩れ・土石流及び地滑り　津波　,,,☆☆☆,,,,44,135.758348,33.485812,,,,,,,30,串本町高富,
串本町,ミカン畑１,避難場所,,津波避難目標地点,津波　,土砂災害予測地域　,,☆☆☆,,,,35,135.758098,33.485582,,,,,,,30,串本町高富,
串本町,トラ谷,避難場所,,津波避難目標地点,津波　,土砂災害予測地域　,,☆☆☆,,,,31,135.750689,33.483125,,,,,,,20,串本町高富,
串本町,国道４２号（逢坂山トンネル方面）,避難場所,,津波避難目標地点,崖崩れ・土石流及び地滑り　津波　,,,☆☆☆,,,,24,135.753958,33.500226,,,,,,,30,串本町高富,
串本町,逢坂山トンネル付近,避難場所,,津波避難目標地点,津波　,,,☆☆☆,,,,13,135.739678,33.484518,,,,,,,35,串本町有田,
串本町,貝岡中の硲,避難場所,,津波避難目標地点,崖崩れ・土石流及び地滑り　津波　,,,☆☆☆,,,,15,135.741119,33.487922,,,,,,,40,串本町有田,
串本町,和助の山A,避難場所,,津波避難目標地点,津波　,,,☆☆☆,,,,20,135.739667,33.486441,,,,,,,40,串本町有田,
串本町,天理の丘,避難場所,,津波避難目標地点,津波　,,,☆☆☆,,,,12,135.738753,33.486977,,,,,,,25,串本町有田,
串本町,港谷配水池,避難場所,,津波避難目標地点,津波　,,,☆☆☆,,,,13,135.737891,33.488587,,,,,,,35,串本町有田,
串本町,正覚寺柿山,避難場所,,津波避難目標地点,崖崩れ・土石流及び地滑り　津波　,土砂災害予測地域　,,☆☆☆,,,,20,135.736214,33.489225,,,,,,,30,串本町有田,
串本町,風吹山登山口,避難場所,,津波避難目標地点,津波　,,,☆☆☆,,,,8,135.739279,33.493028,,,,,,,40,串本町有田,
串本町,串本有田病院付近,避難場所,,津波避難目標地点,津波　,,,☆☆☆,,,,22,135.73871,33.494121,,,,,,,50,串本町有田,
串本町,大山町営住宅B,避難場所,,津波避難目標地点,津波　,,,☆☆☆,,,,20,135.736245,33.491904,,,,,,,70,串本町有田,
串本町,大山町営住宅A,避難場所,,津波避難目標地点,津波　,,,☆☆☆,,,,12,135.735723,33.491917,,,,,,,80,串本町有田,
串本町,串本西小学校裏山,避難場所,,震災時は校舎2階以上,津波　,,,☆☆☆,,○,,20,135.733879,33.491477,,,,,,,80,串本町有田,
串本町,チンチンアメ,避難場所,,津波避難目標地点,崖崩れ・土石流及び地滑り　津波　,,,☆☆☆,,,,8,135.731849,33.492243,,,,,,,15,串本町有田上,
串本町,和田地,避難場所,,津波避難目標地点,津波　,,,☆☆☆,,,,20,135.733518,33.489582,,,,,,,35,串本町有田,
串本町,次右衛門谷,避難場所,,津波避難目標地点,津波　,,,☆☆☆,,,,6,135.734086,33.487966,,,,,,,25,串本町有田,
串本町,出水の谷,避難場所,,津波避難目標地点,津波　,,,☆☆☆,,,,12,135.733828,33.486966,,,,,,,20,串本町有田,
串本町,佐々木山,避難場所,,津波避難目標地点,津波　,,,☆☆☆,,,,20,135.734419,33.486022,,,,,,,20,串本町有田,
串本町,旧国道（入谷）,避難場所,,津波避難目標地点,津波　,,,☆☆☆,,,,20,135.73188,33.485444,,,,,,,25,串本町有田,
串本町,国道４２号（田並寄）,避難場所,,津波避難目標地点,津波　,,,☆☆☆,,,,15,135.731394,33.486678,,,,,,,30,串本町有田,
串本町,宝生寺,避難場所,,津波避難目標地点,津波　,,,☆☆☆,,,,22,135.732144,33.493778,,,,,,,18,串本町有田上94,
串本町,国道42号串本方面,避難場所,,津波避難目標地点,津波　,,,☆☆☆,,,,17,135.720853,33.486731,,,,,,,20,串本町田並,
串本町,旧国道１,避難場所,,津波避難目標地点,津波　,,,☆☆☆,,,,21,135.718483,33.4856,,,,,,,50,串本町田並,
串本町,天神,避難場所,,津波避難目標地点,津波　,,,☆☆☆,,,,23,135.719648,33.490211,,,,,,,50,串本町田並,
串本町,個人宅付近裏墓地,避難場所,,津波避難目標地点,津波　,,,☆☆☆,,,,16,135.73531,33.493478,,,,,,,20,串本町田並上,
串本町,個人宅付近裏山,避難場所,,津波避難目標地点,津波　,,,☆☆☆,,,,9,135.718961,33.495168,,,,,,,15,串本町田並上,
串本町,荒計谷,避難場所,,津波避難目標地点,津波　,,,☆☆☆,,,,18,135.716662,33.497547,,,,,,,20,串本町田並上,
串本町,津呂地平見,避難場所,,津波避難目標地点,津波　,,,☆☆☆,,,,15,135.71756,33.492865,,,,,,,30,串本町田並上,
串本町,串本西中学校（２階以上）,避難場所,,震災時は校舎2階以上,洪水　津波　,土砂災害予測地域　津波浸水予測地域,☆,☆☆,耐震　,○,,12,135.716668,33.490273,,,,,,,100,串本町田並1300,
串本町,旧田並小学校体育館裏山,避難場所,,津波避難目標地点,津波　,,,☆☆☆,,,,33,135.716752,33.489366,,,,,,,25,串本町田並,
串本町,西峰２,避難場所,,津波避難目標地点,津波　,,,☆☆☆,,,,20,135.717439,33.488968,,,,,,,20,串本町田並,
串本町,西峰１,避難場所,,津波避難目標地点,津波　,,,☆☆☆,,,,20,135.715773,33.488235,,,,,,,20,串本町田並,
串本町,円光寺裏山,避難場所,,津波避難目標地点,津波　,,,☆☆☆,,,,18,135.715673,33.48743,,,,,,,35,串本町田並,
串本町,JRトンネル裏,避難場所,,津波避難目標地点,津波　,,,☆☆☆,,,,35,135.714283,33.487941,,,,,,,25,串本町田並,
串本町,灰地,避難場所,,津波避難目標地点,津波　,,,☆☆☆,,,,42,135.713253,33.486724,,,,,,,20,串本町田並,
串本町,のうなぎ２,避難場所,,津波避難目標地点,津波　,,,☆☆☆,,,,20,135.710253,33.489651,,,,,,,30,串本町田並,
串本町,のうなぎ１,避難場所,,津波避難目標地点,津波　,,,☆☆☆,,,,31,135.709834,33.489891,,,,,,,30,串本町田並,
串本町,国道４２号（いねむりパーキング付近）,避難場所,,津波避難目標地点,崖崩れ・土石流及び地滑り　津波　,,,☆☆☆,,,,10,135.717428,33.48545,,,,,,,25,串本町田並,
串本町,国道42号（山側）江田平見登口,避難場所,,津波避難目標地点,崖崩れ・土石流及び地滑り　津波　,,,☆☆☆,,,,21,135.70437,33.490443,,,,,,,50,串本町江田,
串本町,国道42号（海側）松尾平見登口,避難場所,,津波避難目標地点,崖崩れ・土石流及び地滑り　津波　,,,☆☆☆,,,,20,135.704319,33.48934,,,,,,,60,串本町江田,
串本町,個人宅付近,避難場所,,津波避難目標地点,津波　,土砂災害予測地域　,,☆☆☆,,,,20,135.702271,33.495663,,,,,,,15,串本町江田430,
串本町,個人宅付近,避難場所,,津波避難目標地点,津波　,土砂災害予測地域　,,☆☆☆,,,,20,135.702595,33.49436,,,,,15,,,串本町江田500-4,
串本町,個人宅付近,避難場所,,津波避難目標地点,津波　,土砂災害予測地域　,,☆☆☆,,,,20,135.703949,33.493696,,,,,,,15,串本町江田613,
串本町,個人宅付近,避難場所,,津波避難目標地点,津波　,土砂災害予測地域　,,☆☆☆,,,,21,135.704227,33.492214,,,,,,,15,串本町江田660,
串本町,個人宅付近裏山,避難場所,,津波避難目標地点,津波　,土砂災害予測地域　,,☆☆☆,,,,20,135.701623,33.494524,,,,,,,40,串本町江田,
串本町,個人宅付近裏山,避難場所,,津波避難目標地点,津波　,土砂災害予測地域　,,☆☆☆,,,,18,135.701215,33.496367,,,,,,,20,串本町江田,
串本町,個人宅付近裏山,避難場所,,津波避難目標地点,津波　,土砂災害予測地域　,,☆☆☆,,,,10,135.700582,33.496788,,,,,,,20,串本町江田,
串本町,個人宅付近裏山,避難場所,,津波避難目標地点,津波　,土砂災害予測地域　,,☆☆☆,,,,20,135.698597,33.495848,,,,,,,30,串本町江田,
串本町,富山平見,避難場所,,津波避難目標地点,崖崩れ・土石流及び地滑り　津波　,,,☆☆☆,,,,39,135.688574,33.491361,,,,,,,50,串本町田子,
串本町,中の平見中央,避難場所,,津波避難目標地点,崖崩れ・土石流及び地滑り　津波　,,,☆☆☆,,,,40,135.684912,33.491665,,,,,,,80,串本町田子,
串本町,久美屋裏山,避難場所,,津波避難目標地点,津波　,,,☆☆☆,,,,22,135.683643,33.490666,,,,,,,30,串本町田子,
串本町,田子区民会館裏山,避難場所,,津波避難目標地点,崖崩れ・土石流及び地滑り　津波　,,,☆☆☆,,,,20,135.683679,33.492461,,,,,,,50,串本町田子,
串本町,元峰平見下,避難場所,,津波避難目標地点,崖崩れ・土石流及び地滑り　津波　,,,☆☆☆,,,,20,135.680711,33.490804,,,,,,,30,串本町田子,
串本町,元峰平見上,避難場所,,津波避難目標地点,崖崩れ・土石流及び地滑り　津波　,,,☆☆☆,,,,44,135.682388,33.492835,,,,,,,40,串本町田子,
串本町,JR田子駅,避難場所,,津波避難目標地点,津波　,,,☆☆☆,,,,13,135.677572,33.490362,,,,,,,70,串本町和深2954,
串本町,金崎ガード裏山,避難場所,,津波避難目標地点,崖崩れ・土石流及び地滑り　津波　,,,☆☆☆,,,,15,135.67304,33.491653,,,,,,,35,串本町和深,
串本町,九ノ平見,避難場所,,津波避難目標地点,崖崩れ・土石流及び地滑り　津波　,,,☆☆☆,,,,22,135.671841,33.491634,,,,,,,50,串本町和深,
串本町,不動さん,避難場所,,津波避難目標地点,崖崩れ・土石流及び地滑り　津波　,,,☆☆☆,,,,17,135.66998,33.493303,,,,,,,25,串本町和深,
串本町,あらの坂,避難場所,,津波避難目標地点,津波　,土砂災害予測地域　,,☆☆☆,,,,21,135.669841,33.497048,,,,,,,40,串本町和深,
串本町,鉄道法面,避難場所,,津波避難目標地点,崖崩れ・土石流及び地滑り　津波　,,,☆☆☆,,○,簡易トイレ、アルファ米、保存水、毛布、ブルーシート,11,135.668811,33.493238,,,,,,,15,串本町和深,
串本町,安指大橋の西,避難場所,,津波避難目標地点,津波　,土砂災害予測地域　,,☆☆☆,,,,19,135.66842,33.49186,,,,,,,50,串本町和深,
串本町,安指平見,避難場所,,津波避難目標地点,崖崩れ・土石流及び地滑り　津波　,,,☆☆☆,,,,26,135.66724,33.493783,,,,,,,70,串本町和深2143,
串本町,民宿えびす付近,避難場所,,津波避難目標地点,津波　,土砂災害予測地域　,,☆☆☆,,,,17,135.660751,33.498881,,,,,,,50,串本町和深1936-1,
串本町,和深屯所付近,避難場所,,津波避難目標地点,崖崩れ・土石流及び地滑り　津波　,土砂災害予測地域　,,☆☆☆,,○,アルファ米、無線機、保存水,14,135.65858,33.501874,,,,,,,60,串本町和深1027,
串本町,和田谷,避難場所,,津波避難目標地点,津波　,土砂災害予測地域　,,☆☆☆,,,,15,135.658042,33.503372,,,,,,,20,串本町和深,
串本町,中嶋,避難場所,,津波避難目標地点,津波　,土砂災害予測地域　,,☆☆☆,,,,13,135.657645,33.504049,,,,,,,20,串本町和深,
串本町,上野,避難場所,,津波避難目標地点,津波　,,,☆☆☆,,,,44,135.655961,33.503865,,,,,,,20,串本町和深,
串本町,ＪＲ和深駅付近,避難場所,,津波避難目標地点,崖崩れ・土石流及び地滑り　津波　,,,☆☆☆,,,,14,135.654982,33.501147,,,,,,,30,串本町和深800,
串本町,正覚寺,避難所を兼ねる避難場所,,,地震　,津波浸水予測地域,,,,,,5,135.736378,33.489192,,,,105,,35,35,串本町有田520,
串本町,串本西小学校(体育館),避難所を兼ねる避難場所,,,地震　,津波浸水予測地域,,,耐震　,○,アルファ米、間仕切り,4,135.734433,33.490738,,,,554,,185,185,串本町有田411,
串本町,円光寺,避難所を兼ねる避難場所,,,地震　,津波浸水予測地域,,,,,,6,135.716258,33.48729,,,,150,,50,50,串本町田並1141,
串本町,串本西中学校(体育館),避難所を兼ねる避難場所,,,地震　,土砂災害予測地域　津波浸水予測地域,,,耐震　,○,アルファ米、間仕切り,5,135.71677,33.490192,,,,474,,158,158,串本町田並1300,
串本町,旧田並小学校(体育館),避難所を兼ねる避難場所,,,地震　,津波浸水予測地域,,,耐震　,,,5,135.717429,33.488678,,,,234,,78,78,串本町田並1212,
串本町,植松防災センター（２階以上）,避難所を兼ねる避難場所,,,崖崩れ・土石流及び地滑り　地震　津波　,,☆☆☆,☆,,,,9,135.776603,33.466379,,,,32,,10,10,串本町串本1403-8,
串本町,旧錦富小学校体育館,避難所を兼ねる避難場所,,,洪水　地震　,土砂災害予測地域　津波浸水予測地域,☆☆☆,,,,,,135.765081,33.483508,,,,,,150,150,串本町二色360,
串本町,旧稲村環境管理センター,避難所を兼ねる避難場所,,,洪水　津波　,,,☆☆☆,,,,48,135.738891,33.481974,,,,,,32,32,串本町有田883,
串本町,和深前地コミュニティセンター,避難所を兼ねる避難場所,,津波避難目標地点,崖崩れ・土石流及び地滑り　地震　津波　,,,☆☆☆,耐震　,,,32,135.651825,33.500622,,,,93,,31,31,串本町和深697-2,
串本町,和深公民館,避難所を兼ねる避難場所,,緊急避難は2階以上,洪水　地震　,土砂災害予測地域　,☆☆☆,,耐震　,○,毛布,6,135.656882,33.502523,,,,401,,134,134,串本町和深910,
串本町,六勝寺,避難所を兼ねる避難場所,,津波避難目標地点,地震　津波　,,☆,☆☆☆,,○,アルファ米、保存水、毛布,10,135.811613,33.529808,,,,76,,25,25,串本町古田197,
串本町,老人憩の家「福寿荘」,避難所を兼ねる避難場所,,,崖崩れ・土石流及び地滑り　地震　,土砂災害予測地域　津波浸水予測地域,☆☆☆,,耐震　,,,8,135.796986,33.497799,,,,148,,49,49,串本町姫718-1,
串本町,老人憩の家「わかしお」,避難所を兼ねる避難場所,,,洪水　崖崩れ・土石流及び地滑り　地震　,津波浸水予測地域,☆☆☆,,耐震　,,,5,135.779163,33.46746,,,,326,,109,109,串本町串本1252,
串本町,蓮生寺,避難所を兼ねる避難場所,,津波避難目標地点,地震　津波　,土砂災害予測地域　,☆,☆☆☆,,,,17,135.804028,33.471699,,,,100,,33,33,串本町大島77,
串本町,里川集会所,避難所を兼ねる避難場所,,,洪水　地震　津波　,土砂災害予測地域　,☆☆☆,☆☆☆,耐震　,○,アルファ米、無線機,90,135.657363,33.542866,,,,57,,19,19,串本町里川636,
串本町,法雲寺,避難所を兼ねる避難場所,,津波避難目標地点,洪水　地震　,,,,,,,7,135.770172,33.487142,,,,144,,48,48,串本町二色227,
串本町,平松コミュニティセンター,避難所を兼ねる避難場所,,,洪水　崖崩れ・土石流及び地滑り　地震　津波　,,☆☆☆,☆☆☆,耐震　,○,アルファ米、保存水、毛布,66,135.768179,33.455707,,,,108,,36,36,串本町潮岬360-1,
串本町,萩尾塔石集会所,避難所を兼ねる避難場所,,,洪水　崖崩れ・土石流及び地滑り　地震　津波　,,☆☆☆,☆☆☆,耐震　,○,アルファ米、保存水、毛布,75,135.776395,33.453521,,,,99,,33,33,串本町潮岬807-1,
串本町,南丁寺,避難所を兼ねる避難場所,,,地震　津波　,,,☆☆☆,,,,24,135.828372,33.457511,,,,84,,28,28,串本町須江25,
串本町,徳泉寺,避難所を兼ねる避難場所,,,地震　津波　,土砂災害予測地域　,,☆☆☆,,○,無線機,29,135.785942,33.496228,,,,183,,61,61,串本町鬮野川214,
串本町,東地花卉集荷施設,避難所を兼ねる避難場所,,津波避難目標地点,崖崩れ・土石流及び地滑り　地震　津波　,,,☆☆☆,耐震　,,,38,135.657767,33.498673,,,,101,,34,34,串本町和深1851,
串本町,田原小学校（体育館）,避難所を兼ねる避難場所,,,地震　,津波浸水予測地域,,,耐震　,○,アルファ米,4,135.868515,33.539116,,,,368,,123,123,串本町田原725,
串本町,潮岬中学校（体育館）,避難所を兼ねる避難場所,,,崖崩れ・土石流及び地滑り　地震　津波　,,☆☆☆,☆☆☆,耐震　,○,間仕切り、大型テント、毛布,53,135.755364,33.44834,,,,637,,212,212,串本町潮岬3349,
串本町,潮岬青少年の家,避難所を兼ねる避難場所,,津波避難目標地点,洪水　崖崩れ・土石流及び地滑り　津波　,,☆☆☆,☆☆☆,,○,無線機,46,135.780534,33.446471,,,,,,425,425,串本町潮岬669,
串本町,潮岬小学校（体育館）,避難所を兼ねる避難場所,,,崖崩れ・土石流及び地滑り　地震　津波　,,☆☆☆,☆☆☆,耐震　,○,アルファ米、毛布,57,135.75952,33.447715,,,,513,,171,171,串本町潮岬3136,
串本町,潮岬公民館,避難所を兼ねる避難場所,,,洪水　崖崩れ・土石流及び地滑り　地震　津波　,,☆☆☆,☆☆☆,耐震　,○,アルファ米、保存水、毛布,66,135.760584,33.448416,,,,584,,195,195,串本町潮岬3454-1,
串本町,大島中学校（体育館）,避難所を兼ねる避難場所,,,洪水　崖崩れ・土石流及び地滑り　地震　津波　,,☆☆☆,☆☆☆,耐震　,○,間仕切り,81,135.825926,33.466961,,,,491,,164,164,串本町須江1482,
串本町,大島消防屯所,避難所を兼ねる避難場所,,津波避難目標地点,崖崩れ・土石流及び地滑り　地震　津波　,,☆☆☆,☆☆☆,耐震　,,,70,135.810228,33.470622,,,,27,,9,9,串本町大島1572-1,
串本町,大島小学校（体育館）,避難所を兼ねる避難場所,,,洪水　崖崩れ・土石流及び地滑り　地震　津波　,,☆☆☆,☆☆☆,耐震　,○,アルファ米、大型テント、無線機、保存水,72,135.82451,33.46756,,,,585,,195,195,串本町須江1577-11,
串本町,赤瀬公民館,避難所を兼ねる避難場所,,津波避難目標地点,洪水　崖崩れ・土石流及び地滑り　地震　津波　,土砂災害予測地域　,☆☆☆,☆☆☆,,○,アルファ米、無線機、保存水,28,135.67597,33.489781,,,,828,,276,276,串本町和深2876,
串本町,西地花卉集荷施設,避難所を兼ねる避難場所,,津波避難目標地点,崖崩れ・土石流及び地滑り　地震　津波　,,,☆☆☆,耐震　,○,,45,135.817798,33.510114,,,,102,,34,34,串本町和深535-4,
串本町,西向中学校（体育館）,避難所を兼ねる避難場所,,,地震　,津波浸水予測地域,,,耐震　,○,間仕切り,7,135.817798,33.510114,,,,616,,205,205,串本町西向922,
串本町,西向小学校（体育館）,避難所を兼ねる避難場所,,津波避難目標地点,地震　津波　,土砂災害予測地域　,☆,☆☆☆,耐震　,○,アルファ米、大型テント、毛布,8,135.820158,33.515219,,,,429,,143,143,串本町西向638,
串本町,正法寺,避難所を兼ねる避難場所,,津波避難目標地点,洪水　崖崩れ・土石流及び地滑り　地震　津波　,,☆☆☆,☆☆☆,,,,10,135.869104,33.558186,,,,67,,22,22,串本町上田原1185,
串本町,成就寺,避難所を兼ねる避難場所,,津波避難目標地点,地震　津波　,土砂災害予測地域　,☆,☆☆,,,,10,135.819765,33.518035,,,,102,,34,34,串本町西向396,
串本町,須江コミュニティセンター,避難所を兼ねる避難場所,,,洪水　地震　津波　,土砂災害予測地域　,☆☆☆,☆☆☆,耐震　,,,88,135.826071,33.462696,,,,41,,14,14,串本町須江721-2,
串本町,晋済寺,避難所を兼ねる避難場所,,,地震　津波　,,☆☆☆,☆☆☆,,,,21,135.844499,33.554118,,,,74,,25,25,串本町佐部428,
串本町,上品寺,避難所を兼ねる避難場所,,津波避難目標地点,洪水　地震　津波　,土砂災害予測地域　,,☆☆☆,,,,12,135.655853,33.503229,,,,124,,41,41,串本町和深929,
串本町,小河口多目的集会所,避難所を兼ねる避難場所,,津波避難目標地点,洪水　地震　津波　,,☆,☆☆☆,耐震　,,,16,135.658008,33.509004,,,,101,,34,34,串本町和深1170,
串本町,宗福寺,避難所を兼ねる避難場所,,津波避難目標地点,洪水　地震　津波　,土砂災害予測地域　,☆,☆☆☆,,○,保存水、毛布,10,135.816105,33.515713,,,,77,,26,26,串本町神野川1211,
串本町,山村交流センター,避難所を兼ねる避難場所,,,崖崩れ・土石流及び地滑り　地震　,津波浸水予測地域,,,耐震　,,,4,135.868302,33.535713,,,,331,,110,110,串本町田原277-4,
串本町,光明寺,避難所を兼ねる避難場所,,津波避難目標地点,崖崩れ・土石流及び地滑り　地震　津波　,土砂災害予測地域　,,☆☆☆,,○,アルファ米、保存水,17,135.763836,33.487304,,,,79,,26,26,串本町高富375,
串本町,古田コミュニティセンター,避難所を兼ねる避難場所,,,洪水　地震　津波　,土砂災害予測地域　津波浸水予測地域,☆☆☆,☆☆☆,耐震　,,,9,135.812542,33.530176,,,,50,,16,16,串本町古田199-1,
串本町,古座福祉センター,避難所を兼ねる避難場所,,,洪水　崖崩れ・土石流及び地滑り　地震　津波　,,☆☆☆,☆☆☆,耐震　,,,74,135.833459,33.518338,,,,1306,,435,435,串本町上野山291-4,
串本町,古座小学校（体育館フロア）,避難所を兼ねる避難場所,,,洪水　地震　,土砂災害予測地域　津波浸水予測地域,☆,,耐震　,○,アルファ米、間仕切り,13,135.826726,33.522086,,,,540,,180,180,串本町中湊160,
串本町,古座ヴィラコミュニティセンター,避難所を兼ねる避難場所,,,洪水　崖崩れ・土石流及び地滑り　地震　津波　,,☆☆☆,☆☆☆,耐震　,○,無線機、アルファ米、保存水、毛布,27,135.862582,33.529513,,,,77,,26,26,串本町田原3704-101,
串本町,串本町立体育館,避難所を兼ねる避難場所,,,洪水　崖崩れ・土石流及び地滑り　地震　,津波浸水予測地域,☆☆☆,,耐震　,,,3,135.783764,33.472073,,,,2148,,716,716,串本町串本2427,
串本町,串本中学校（体育館）,避難所を兼ねる避難場所,,緊急避難は校舎3階以上,洪水　地震　,津波浸水予測地域,,,耐震　,,,5,135.780759,33.462984,,,,943,,314,314,串本町串本1620,
串本町,旧和深中学校,避難所を兼ねる避難場所,,,地震　津波　,,,☆☆☆,,,,11,135.656414,33.504482,,,,2725,,902,902,串本町和深978,
串本町,旧田原中学校（２階以上）,避難所を兼ねる避難場所,,,洪水　崖崩れ・土石流及び地滑り　地震　津波　,津波浸水予測地域,☆,☆,耐震　,○,大型テント、間仕切り,4,135.867969,33.537582,,,,1385,,462,462,串本町田原700,
串本町,旧西向幼稚園,避難所を兼ねる避難場所,,,崖崩れ・土石流及び地滑り　地震　,津波浸水予測地域,☆☆☆,,耐震　,,,3,135.820504,33.5127,,,,420,,140,140,串本町西向858-3,
串本町,願成寺,避難所を兼ねる避難場所,,,地震　津波　,土砂災害予測地域　,,☆☆☆,,,,13,135.683536,33.494587,,,,76,,25,25,串本町田子89,
串本町,観福寺,避難所を兼ねる避難場所,,津波避難目標地点,洪水　地震　津波　,土砂災害予測地域　,☆,☆☆☆,,,,17,135.793387,33.451417,,,,96,,32,32,串本町出雲103,
串本町,樫野集会所,避難所を兼ねる避難場所,,,崖崩れ・土石流及び地滑り　地震　津波　,,☆☆☆,☆☆☆,耐震　,,,48,135.849118,33.468525,,,,130,,43,43,串本町樫野852,
串本町,永明寺,避難所を兼ねる避難場所,,,地震　,土砂災害予測地域　浸水予測地域　津波浸水予測地域,,,,,,7,135.838581,33.520285,,,,92,,31,31,串本町津荷533,
串本町,伊串多目的集会所,避難所を兼ねる避難場所,,,洪水　崖崩れ・土石流及び地滑り　地震　,,☆☆☆,,耐震　,,,6,135.804369,33.503259,,,,193,,64,64,串本町伊串264-2,
串本町,目津大浦集会所,避難所を兼ねる避難場所,,,地震　,津波浸水予測地域,,,,,,5,135.817273,33.506643,,,,115,,38,38,串本町西向1480-49,
串本町,妙福寺,避難所を兼ねる避難場所,,,洪水　崖崩れ・土石流及び地滑り　地震　,津波浸水予測地域,☆☆,,,,,10,135.82227,33.516556,,,,80,,27,27,串本町西向577,
串本町,武道館,避難所を兼ねる避難場所,,,洪水　地震　,津波浸水予測地域,,,耐震　,,,3,135.784787,33.474271,,,,568,,189,189,串本町串本2564,
串本町,橋杭集会所,避難所を兼ねる避難場所,,,洪水　地震　,土砂災害予測地域　津波浸水予測地域,☆,,耐震　,○,毛布,9,135.791744,33.487602,,,,570,,190,190,串本町鬮野川1455-1,
串本町,二色多目的集会所,避難所を兼ねる避難場所,,,崖崩れ・土石流及び地滑り　地震　,津波浸水予測地域,☆☆☆,,耐震　,○,毛布,4,135.766932,33.482219,,,,231,,77,77,串本町二色372-1,
串本町,西向多目的集会所,避難所を兼ねる避難場所,,,地震　,土砂災害予測地域　津波浸水予測地域,,,耐震　,,,8,135.820223,33.514444,,,,226,,75,75,串本町西向648-1,
串本町,二区会館,避難所を兼ねる避難場所,,,崖崩れ・土石流及び地滑り　地震　,津波浸水予測地域,☆,,耐震　,,,3,135.780792,33.467224,,,,120,,40,40,串本町串本1940,
串本町,中湊コミュニティセンター,避難所を兼ねる避難場所,,,洪水　地震　,土砂災害予測地域　津波浸水予測地域,,,耐震　,,,4,135.823925,33.522449,,,,210,,70,70,串本町中湊163-12,
串本町,町民文化センター,避難所を兼ねる避難場所,,,洪水　地震　,土砂災害予測地域　津波浸水予測地域,☆☆☆,,,,,4,135.824003,33.516521,,,,324,,108,108,串本町西向450,
串本町,田並上多目的集会所（愛民会館）,避難所を兼ねる避難場所,,津波避難目標地点,洪水　地震　津波　,,☆☆☆,☆☆☆,,,,13,135.718645,33.495879,,,,84,,28,28,串本町田並上95-3,
串本町,田子多目的集会所,避難所を兼ねる避難場所,,,地震　,津波浸水予測地域,,,耐震　,,,4,135.683749,33.492521,,,,136,,45,45,串本町田子118-5,
串本町,高富地区集会所,避難所を兼ねる避難場所,,,地震　,,,,耐震　,,,5,135.763069,33.48512,,,,88,,29,29,串本町高富485-3,
串本町,須江・浜須賀集会所,避難所を兼ねる避難場所,,,洪水　崖崩れ・土石流及び地滑り　地震　津波　,,☆☆☆,☆☆☆,耐震　,○,,59,135.827707,33.458834,,,,109,,36,36,串本町須江635,
串本町,サンゴ台集会所,避難所を兼ねる避難場所,,津波避難目標地点,崖崩れ・土石流及び地滑り　地震　津波　,,☆☆☆,☆☆☆,耐震　,,,42,135.781333,33.482445,,,,83,,28,28,串本町サンゴ台1060-140,
串本町,三区会館,避難所を兼ねる避難場所,,,洪水　崖崩れ・土石流及び地滑り　地震　,津波浸水予測地域,☆☆☆,,耐震　,,,6,135.777813,33.468001,,,,88,,29,29,串本町串本1049-6,
串本町,佐部集会所,避難所を兼ねる避難場所,,,崖崩れ・土石流及び地滑り　地震　津波　,,☆☆☆,☆☆☆,耐震　,,,13,135.85586,33.549926,,,,120,,40,40,串本町佐部320,
串本町,古座消防拠点施設,避難所を兼ねる避難場所,,,地震　,土砂災害予測地域　津波浸水予測地域,,,,,,4,135.827966,33.514861,,,,94,,31,31,串本町古座274-2,
串本町,古座小学校（２階以上）,避難所を兼ねる避難場所,,津波避難目標地点,崖崩れ・土石流及び地滑り　,土砂災害予測地域　津波浸水予測地域,,,耐震　,,,13,135.826716,33.522089,,,,960,,320,,串本町中湊161,
串本町,古座集会所,避難所を兼ねる避難場所,,,地震　,土砂災害予測地域　津波浸水予測地域,,,耐震　,,,5,135.834643,33.516778,,,,91,,30,30,串本町古座348,
串本町,古座公民館,避難所を兼ねる避難場所,,津波避難目標地点,地震　津波　,,,☆☆☆,耐震　,,,8,135.826349,33.520508,,,,250,,83,83,串本町中湊65,
串本町,クラブハウス,避難所を兼ねる避難場所,,津波避難目標地点,洪水　崖崩れ・土石流及び地滑り　地震　津波　,,☆☆☆,☆☆☆,耐震　,,,40,135.785125,33.483432,,,,265,,88,88,串本町サンゴ台1060-42,
串本町,串本町立文化センター,避難所を兼ねる避難場所,,,崖崩れ・土石流及び地滑り　,津波浸水予測地域,☆☆☆,,耐震　,,,3,135.78403,33.472497,,,,631,,210,210,串本町串本2427,
串本町,串本小学校（体育館）,避難所を兼ねる避難場所,,,洪水　崖崩れ・土石流及び地滑り　地震　,土砂災害予測地域　津波浸水予測地域,☆,,耐震　,,,6,135.777259,33.470462,,,,472,,157,157,串本町串本776,
串本町,串本古座高校古座校舎体育館,避難所を兼ねる避難場所,,津波避難目標地点,地震　津波　,土砂災害予測地域　,,☆☆☆,耐震　,○,,9,135.828096,33.523117,,,,1759,,586,586,串本町中湊377,
串本町,串本古座高校串本校舎体育館,避難所を兼ねる避難場所,,津波避難目標地点,地震　津波　,土砂災害予測地域　,,☆☆☆,耐震　,○,アルファ米、間仕切り,13,135.779418,33.461408,,,,1908,,636,636,串本町串本1522,
串本町,旧養春小学校,避難所を兼ねる避難場所,,,洪水　地震　,土砂災害予測地域　津波浸水予測地域,☆☆☆,,耐震　,○,アルファ米、保存水、毛布,4,135.800662,33.501105,,,,1290,,430,430,串本町姫27,
串本町,神野川会館,避難所を兼ねる避難場所,,,洪水　崖崩れ・土石流及び地滑り　地震　,津波浸水予測地域,,,,,,5,135.817538,33.514382,,,,54,,18,18,串本町西向22-1,
串本町,上田原生活改善センター,避難所を兼ねる避難場所,,,地震　津波　,浸水予測地域　,,☆☆☆,,,,10,135.869722,33.561047,,,,112,,37,37,串本町上田原867-1,
串本町,大水崎会館,避難所を兼ねる避難場所,,,地震　,津波浸水予測地域,,,耐震　,,,5,135.785676,33.479144,,,,87,,29,29,串本町串本2075,
串本町,江田多目的集会所,避難所を兼ねる避難場所,,,洪水　地震　,津波浸水予測地域,,,耐震　,,,4,135.700226,33.494829,,,,136,,45,45,串本町江田91-1,
串本町,安指会館,避難所を兼ねる避難場所,,,洪水　地震　,津波浸水予測地域,,,耐震　,,,5,135.669554,33.492159,,,,110,,37,37,串本町和深2720-5,
串本町,古座あさかぜ園,避難所を兼ねる避難場所,,,崖崩れ・土石流及び地滑り　津波　,,☆☆☆,☆☆☆,,,,9,135.869747,33.555816,,,,264,,26,26,串本町上田原1237,
串本町,古座漁村センター,避難所を兼ねる避難場所,,,洪水　地震　,土砂災害予測地域　津波浸水予測地域,☆☆☆,,耐震　,,,4,135.827361,33.516771,,,,609,,203,203,串本町古座164-1,
串本町,田原区民会館,避難所を兼ねる避難場所,,,崖崩れ・土石流及び地滑り　地震　,津波浸水予測地域,☆☆☆,,耐震　,○,ブルーシート,4,135.869058,33.536818,,,,70,,23,23,串本町田原540,
串本町,津荷集会所,避難所を兼ねる避難場所,,,洪水　崖崩れ・土石流及び地滑り　地震　,津波浸水予測地域,☆☆☆,,耐震　,○,無線機、アルファ米、保存水、毛布,4,135.840727,33.519891,,,,198,,66,66,串本町津荷376,
串本町,紀伊大島開発総合センター,避難所を兼ねる避難場所,,,地震　,土砂災害予測地域　津波浸水予測地域,☆,,耐震　,○,無線機、毛布,3,135.801885,33.472214,,,,563,,188,188,串本町大島8-10,
串本町,ふれあいの家,避難所を兼ねる避難場所,,津波避難目標地点,洪水　崖崩れ・土石流及び地滑り　地震　津波　,,☆☆☆,☆☆☆,耐震　,,,57,135.781224,33.449703,,,,79,,26,26,串本町出雲1614-1,
串本町,有田公民館,避難所を兼ねる避難場所,,,崖崩れ・土石流及び地滑り　地震　,土砂災害予測地域　,☆☆☆,,耐震　,○,無線機、毛布,4,135.736989,33.48652,,,,361,,120,120,串本町有田630,
串本町,田並公民館,避難所を兼ねる避難場所,,震災時は校舎2階以上,洪水　崖崩れ・土石流及び地滑り　地震　,土砂災害予測地域　,☆☆☆,,耐震　,○,毛布,5,135.715505,33.485897,,,,415,,138,138,串本町田並910,
串本町,和深総合センター,避難所を兼ねる避難場所,,津波避難目標地点,崖崩れ・土石流及び地滑り　地震　津波　,,☆☆☆,☆☆☆,耐震　,○,アルファ米、無線機、保存水,39,135.651756,33.501904,,,,809,,270,270,串本町和深689,
串本町,ふわり,福祉避難所,指定福祉避難所,,崖崩れ・土石流及び地滑り　地震　津波　,,,,,,,,135.834488,33.515888,,,,,,25,25,串本町上野山143-1,
串本町,古座あさかぜ園,福祉避難所,指定福祉避難所,,洪水　崖崩れ・土石流及び地滑り　地震　,,,☆☆☆,,,,,135.869166,33.556315,,,,,,36,36,串本町上田原1237,
